{"2017-06.csv": 65.72611464968153, "2017-07.csv": 61.574585635359114, "2017-08.csv": 59.6931216931217, "2017-09.csv": 57.71573604060914, "2017-10.csv": 57.05185185185185, "2017-11.csv": 54.41782729805014, "2017-12.csv": 33.46377979104441, "2018-01.csv": 33.318816352228566, "2018-02.csv": 35.70778764844155, "2018-03.csv": 37.7892743999315, "2018-04.csv": 39.65521583226124, "2018-05.csv": 41.59714340591224, "2018-06.csv": 41.30998728518108, "2018-07.csv": 41.747283843351696, "2018-08.csv": 43.0941805234708, "2018-09.csv": 36.59440838910497, "2018-10.csv": 39.19829382545443, "2018-11.csv": 41.80274575694415, "2018-12.csv": 44.363890401388986, "2019-01.csv": 46.12701510056311, "2019-02.csv": 47.88773743653407, "2019-03.csv": 48.58364976745427, "2019-04.csv": 47.87680335179987, "2019-05.csv": 31.81981517981835, "2019-06.csv": 32.59686903139441, "2019-07.csv": 31.97535594891403, "2019-08.csv": 32.4140365390137, "2019-09.csv": 32.692810328645905, "2019-10.csv": 36.69907364377111, "2019-11.csv": 88.81460108296415, "2019-12.csv": 89.44830595919213, "2020-01.csv": 89.89902705459953, "2020-02.csv": 83.98493040578718, "2020-03.csv": 83.42101021372886, "2020-04.csv": 83.3889331840148, "2020-05.csv": 82.84553574899597, "2020-06.csv": 81.77862490374677, "2020-07.csv": 77.95308363070261, "2020-08.csv": 76.75019138846584, "2020-09.csv": 73.66958870970848, "2020-10.csv": 69.19768339768339, "2020-11.csv": 67.13527726223705, "2020-12.csv": 65.91066727130959, "2021-01.csv": 64.86311682608313, "2021-02.csv": 63.06137423250363, "2021-03.csv": 57.375332257665036, "2021-04.csv": 54.627278281149344, "2021-05.csv": 52.546160618014106, "2021-06.csv": 50.57710180433124, "2021-07.csv": 48.69374760490914, "2021-08.csv": 47.70490775704589, "2021-09.csv": 46.669407663059964, "2021-10.csv": 45.738435332722275, "2021-11.csv": 43.562620765411275, "2021-12.csv": 41.30244573595318, "2022-01.csv": 40.710841747486135, "2022-02.csv": 41.41463382138674}